Horizon,Alpha,Beta,MAE,RMSE
15s,0.1,0.0,2.0138330263157895,2.9308707175713296
15s,0.2,0.0,2.0138330263157895,2.9308707175713296
15s,0.3,0.0,2.0138330263157895,2.9308707175713296
15s,0.4,0.0,2.0138330263157895,2.9308707175713296
15s,0.5,0.0,2.0138330263157895,2.9308707175713296
15s,0.6,0.0,2.0138330263157895,2.9308707175713296
15s,0.7,0.0,2.0138330263157895,2.9308707175713296
15s,0.8,0.0,2.0138330263157895,2.9308707175713296
15s,0.9,0.0,2.0138330263157895,2.9308707175713296
15s,0.1,0.1,2.0328492777371316,2.922160146235841
15s,0.2,0.1,2.0440153142871953,2.920083999863715
15s,0.1,0.2,2.051865529158474,2.9173676279617116
15s,0.3,0.1,2.0559458200032514,2.920680270734574
15s,0.4,0.1,2.068224312482467,2.924498202926289
15s,0.1,0.3,2.0767311123340777,2.9165124776703255
15s,0.2,0.2,2.077229697794235,2.9158801066771933
15s,0.5,0.1,2.081392023265228,2.93105445253289
15s,0.6,0.1,2.0966878687591817,2.939248505581203
15s,0.3,0.2,2.1053950476366228,2.9195437631012644
15s,0.1,0.4,2.10831864582776,2.919598155128944
15s,0.7,0.1,2.11196973279926,2.947986258498833
15s,0.2,0.3,2.1218521124808247,2.918287486503729
15s,0.8,0.1,2.1265083965814826,2.956460050867199
15s,0.4,0.2,2.131597496788728,2.929618322829673
15s,0.9,0.1,2.139876768814241,2.9642254963770442
15s,0.1,0.5,2.153115769389778,2.926612195313183
15s,0.5,0.2,2.1581750546199925,2.945146298352426
15s,0.3,0.3,2.16434047934967,2.9274717394934826
15s,0.2,0.4,2.1763744738184974,2.9272898282140485
15s,0.6,0.2,2.1878989953948924,2.96390285346056
15s,0.1,0.6,2.2006829916887862,2.9375264586684557
15s,0.4,0.3,2.2036441530778292,2.946171159104276
15s,0.7,0.2,2.2166575540225275,2.9836677571173014
15s,0.3,0.4,2.228067175429095,2.944390980570805
15s,0.2,0.5,2.2417683488520677,2.942826608884619
15s,0.8,0.2,2.2432084089556845,3.002812470189673
15s,0.5,0.3,2.243510489824726,2.9729484872892504
15s,0.1,0.7,2.2482502139877942,2.9522976896472537
15s,0.9,0.2,2.2669495720209323,3.020469638139711
15s,0.4,0.4,2.275807289239695,2.9739658173480334
15s,0.6,0.3,2.288096400987076,3.004433092063795
15s,0.1,0.8,2.2958174362868022,2.9708683579912574
15s,0.3,0.5,2.3056577558701075,2.9701478359611357
15s,0.2,0.6,2.3071622238856393,2.96479510062095
15s,0.5,0.4,2.3288459250294586,3.014081646512285
15s,0.7,0.3,2.3312342389285283,3.0372609497386636
15s,0.1,0.9,2.3433846585858102,2.9931677453876024
15s,0.4,0.5,2.3580601970759343,3.012691167297026
15s,0.8,0.3,2.371060521328264,3.0689873345088676
15s,0.2,0.7,2.372556098919211,2.9930536838629136
15s,0.3,0.6,2.3838295123072872,3.004515027176055
15s,0.6,0.4,2.3882938065792594,3.0602084924675372
15s,0.1,1.0,2.393978450942412,3.019113231205749
15s,0.9,0.3,2.4066722659261344,3.098356869015153
15s,0.5,0.5,2.4160962190303237,3.068009633296366
15s,0.2,0.8,2.437949973952783,3.0274262249338886
15s,0.4,0.6,2.4442042357450298,3.061932503991999
15s,0.7,0.4,2.445810923834529,3.107839338855212
15s,0.3,0.7,2.4620012687444666,3.047201238785034
15s,0.6,0.5,2.488491212171442,3.1304142797398105
15s,0.8,0.4,2.498912633700843,3.1537370875076767
15s,0.2,0.9,2.5033438489863546,3.0677072167112502
15s,0.5,0.6,2.5099563312574413,3.134072035315512
15s,0.4,0.7,2.5324384460885,3.1211921522447392
15s,0.3,0.8,2.540173025181646,3.097862600381682
15s,0.9,0.4,2.546394959831338,3.1963053909037504
15s,0.7,0.5,2.56038760874053,3.194277245770501
15s,0.2,1.0,2.5708925660648267,3.1136673577342595
15s,0.6,0.6,2.588688617763626,3.2141049828799075
15s,0.5,0.7,2.603816443484559,3.2115201088401197
15s,0.3,0.9,2.618344781618825,3.1561150885381655
15s,0.4,0.8,2.6206726564319696,3.1899118242051485
15s,0.8,0.5,2.6267647460734227,3.2556114332584705
15s,0.7,0.6,2.6749642936465303,3.2953268998600023
15s,0.9,0.5,2.68611765373654,3.312536102047013
15s,0.6,0.7,2.6943558780671606,3.310257973616866
15s,0.3,1.0,2.6965165380560046,3.2215469379503365
15s,0.5,0.8,2.6983540953801612,3.2995522076203785
15s,0.4,0.9,2.7089068667754392,3.2674947044963547
15s,0.8,0.6,2.754616858446001,3.3730591191233907
15s,0.7,0.7,2.789540978552531,3.409689446037169
15s,0.5,0.9,2.7962984855921547,3.3973456707451626
15s,0.4,1.0,2.79714107711891,3.3533256692957614
15s,0.6,0.8,2.8011501952346496,3.417821615526574
15s,0.9,0.6,2.825840347641743,3.445199139978226
15s,0.8,0.7,2.88246897081858,3.504514754903448
15s,0.5,1.0,2.8942428758041485,3.5040833204476756
15s,0.7,0.8,2.904117663458532,3.5360734363522717
15s,0.6,0.9,2.907944512402139,3.5357546679561036
15s,0.9,0.7,2.965563041546946,3.592474524912604
15s,0.8,0.8,3.0103210831911595,3.6484645185429447
15s,0.6,1.0,3.0147388295696276,3.66305573000632
15s,0.7,0.9,3.0195235964211533,3.6732382258053513
15s,0.9,0.8,3.105285735452149,3.752642232012376
15s,0.8,0.9,3.1381731955637386,3.803490087839581
15s,0.7,1.0,3.1387155895907553,3.820022678877928
15s,0.9,0.9,3.254105890121681,3.9241239330730946
15s,0.8,1.0,3.2741830994392056,3.9682936109891624
15s,0.9,1.0,3.4077069276205814,4.105502158573142
30s,0.9,0.1,2.6411457316404263,3.348648978911667
30s,0.8,0.1,2.641672173633382,3.347907628071365
30s,0.7,0.1,2.642740419769151,3.3480935351566976
30s,0.6,0.1,2.644334032376026,3.3494136465537863
30s,0.5,0.1,2.6463809989689473,3.3520791783946584
30s,0.4,0.1,2.648787714376727,3.356232634499986
30s,0.2,0.2,2.650737195217964,3.3477664474134103
30s,0.1,0.2,2.651303174719072,3.3593295352271713
30s,0.3,0.1,2.6514318252869464,3.361758255578203
30s,0.5,0.2,2.651633803590654,3.322182740116237
30s,0.4,0.2,2.652233680038727,3.328390188121814
30s,0.3,0.2,2.652507465985341,3.337383502961939
30s,0.6,0.2,2.652625411961159,3.3190062265788858
30s,0.1,0.3,2.652983335372818,3.347131266063846
30s,0.2,0.1,2.653788472109739,3.3679862166755066
30s,0.1,0.1,2.654774916309532,3.374892493033654
30s,0.7,0.2,2.656070101569299,3.318552421701458
30s,0.1,0.0,2.6587142105263157,3.3937738510569773
30s,0.2,0.0,2.6587142105263157,3.3937738510569773
30s,0.3,0.0,2.6587142105263157,3.3937738510569773
30s,0.4,0.0,2.6587142105263157,3.3937738510569773
30s,0.5,0.0,2.6587142105263157,3.3937738510569773
30s,0.6,0.0,2.6587142105263157,3.3937738510569773
30s,0.7,0.0,2.6587142105263157,3.3937738510569773
30s,0.8,0.0,2.6587142105263157,3.3937738510569773
30s,0.9,0.0,2.6587142105263157,3.3937738510569773
30s,0.8,0.2,2.6594814842062715,3.3203680292363797
30s,0.2,0.3,2.662248365172732,3.333215871234648
30s,0.9,0.2,2.662725067503044,3.3240296970862997
30s,0.3,0.3,2.668163384634125,3.3208178484826614
30s,0.1,0.4,2.6700838291776585,3.338334569448158
30s,0.4,0.3,2.6733975903765326,3.3104912316190553
30s,0.5,0.3,2.6779979697126786,3.3044047835602375
30s,0.6,0.3,2.6829210126785807,3.3029369689965544
30s,0.7,0.3,2.6880880470907904,3.305583234224444
30s,0.2,0.4,2.6910945021124917,3.3244089292965793
30s,0.1,0.5,2.692041662455502,3.3329663787954638
30s,0.8,0.3,2.693205121046249,3.3116123025722746
30s,0.9,0.3,2.6980704959914092,3.3203721600981075
30s,0.3,0.4,2.6988441263230176,3.312178464368083
30s,0.4,0.4,2.700518716993271,3.302697435068185
30s,0.5,0.4,2.7066525561081334,3.298941233622638
30s,0.6,0.4,2.713216613396001,3.301415248496459
30s,0.1,0.6,2.7182501738939706,3.3310432699211754
30s,0.7,0.4,2.7201059926122824,3.3093808104498086
30s,0.2,0.5,2.7223873644827195,3.321391311067672
30s,0.8,0.4,2.726928757886227,3.3217889856246625
30s,0.4,0.5,2.7314351982514267,3.3050802869708815
30s,0.3,0.5,2.7320743947458763,3.3115273873109694
30s,0.9,0.4,2.733415924479773,3.337745278971263
30s,0.5,0.5,2.7353071425035878,3.30585314655171
30s,0.6,0.5,2.7435122141134234,3.314461102138895
30s,0.1,0.7,2.7444586853324395,3.3325712069348565
30s,0.7,0.5,2.752123938133774,3.3298877858185705
30s,0.2,0.6,2.7536802268529486,3.324178782857138
30s,0.8,0.5,2.760652394726205,3.3507255806739713
30s,0.3,0.6,2.765304663168737,3.3188693186176708
30s,0.4,0.6,2.765674532320464,3.3176178595159693
30s,0.5,0.6,2.7658250426413384,3.325063347460671
30s,0.1,0.8,2.770667196770909,3.3375454501464414
30s,0.6,0.6,2.773807814830845,3.3419039311333716
30s,0.9,0.5,2.7784336985256197,3.3758243769978296
30s,0.7,0.6,2.7841418836552663,3.366798846247954
30s,0.2,0.7,2.7849730892231768,3.332756778805202
30s,0.1,0.9,2.7968757082093774,3.345950629282067
30s,0.8,0.6,2.803562719878638,3.397942848025087
30s,0.3,0.7,2.8110873977706996,3.334151455959527
30s,0.5,0.7,2.8142541710809588,3.3563606744623264
30s,0.4,0.7,2.815951647356331,3.3401958060828334
30s,0.6,0.7,2.820225357589804,3.383393430419176
30s,0.9,0.6,2.8251252171781127,3.4339206910859277
30s,0.1,1.0,2.826831307951527,3.3577609793865304
30s,0.2,0.8,2.8298757547885627,3.347080778836868
30s,0.7,0.7,2.8313310067921442,3.4195828347083483
30s,0.8,0.7,2.847621683729423,3.462693042907943
30s,0.3,0.8,2.8606696200086192,3.357265370589067
30s,0.5,0.8,2.8642887895060585,3.3994112966686405
30s,0.4,0.8,2.866228762392198,3.3726124869165766
30s,0.6,0.8,2.867382837245491,3.4384211577159443
30s,0.2,0.9,2.875608743873975,3.367077450929684
30s,0.9,0.7,2.8853291893893096,3.511040702170907
30s,0.7,0.8,2.9045653175059543,3.487519110076673
30s,0.3,0.9,2.910251842246537,3.3880507767594414
30s,0.5,0.9,2.9143234079311577,3.4537757346344677
30s,0.4,0.9,2.9165058774280648,3.414587698914192
30s,0.2,1.0,2.9213417329593874,3.3926464903039615
30s,0.6,0.9,2.9419932622091842,3.506349774822774
30s,0.8,0.8,2.944819525330202,3.5440153004547854
30s,0.3,1.0,2.9598340644844576,3.4263008950336173
30s,0.4,1.0,2.966782992463932,3.465774159258629
30s,0.5,1.0,2.977487677344384,3.5189296612424164
30s,0.9,0.8,2.981321960325603,3.6059640490763276
30s,0.7,0.9,2.9986228988336094,3.569742681237762
30s,0.6,1.0,3.0305186497213343,3.586446313792643
30s,0.8,0.9,3.0491176520320677,3.640799310564713
30s,0.9,0.9,3.091537310629461,3.7173271372665817
30s,0.7,1.0,3.098514425604595,3.6652921527122126
30s,0.8,1.0,3.1546197069362143,3.7518486935450475
30s,0.9,1.0,3.2212955689148197,3.843701312404961
60s,0.5,0.8,3.609545223957207,4.739588892780563
60s,0.4,0.9,3.6114425132354087,4.729539794047062
60s,0.5,0.9,3.6146561766905867,4.7659005133772885
60s,0.4,1.0,3.6150942193843725,4.75287358054841
60s,0.6,0.7,3.6181022336173716,4.744112910300779
60s,0.6,0.8,3.6204085154942858,4.77113052877793
60s,0.4,0.8,3.620708943558024,4.713233842810331
60s,0.5,0.7,3.621809565699399,4.721792828589389
60s,0.7,0.7,3.624313710366501,4.770285917913278
60s,0.3,1.0,3.6294211264217315,4.711845443161631
60s,0.4,0.7,3.6367892927185337,4.704028810848077
60s,0.6,0.6,3.6368521626494767,4.72714372760913
60s,0.5,1.0,3.638835395153283,4.800587673258477
60s,0.7,0.6,3.6400109155518297,4.745031258375268
60s,0.5,0.6,3.640029875862643,4.712608792808694
60s,0.8,0.7,3.640279261694033,4.799638498728818
60s,0.3,0.9,3.6414141874637695,4.6992962443667095
60s,0.8,0.6,3.6468580977859966,4.7657596185910025
60s,0.7,0.8,3.647717942385776,4.80697038910244
60s,0.6,0.9,3.6482944272889664,4.808027191305918
60s,0.4,0.6,3.6528696418790436,4.701966402719521
60s,0.3,0.8,3.653407248505805,4.692363515805153
60s,0.6,0.5,3.655602091681581,4.720331351718034
60s,0.9,0.6,3.6560497161141114,4.789200946471479
60s,0.9,0.7,3.6581865591450606,4.8320019535236325
60s,0.7,0.5,3.658234385766877,4.73138944018114
60s,0.5,0.5,3.658250186025885,4.712087141213304
60s,0.8,0.5,3.663940370962014,4.744889207916431
60s,0.3,0.7,3.6654003095478433,4.691072158543687
60s,0.4,0.5,3.668949991039555,4.707056007108452
60s,0.9,0.5,3.6714165207623246,4.7607376470257075
60s,0.6,0.4,3.6743520207136853,4.723719726158203
60s,0.7,0.4,3.6764578559819214,4.729460953823321
60s,0.5,0.4,3.676470496189129,4.720230745748351
60s,0.3,0.6,3.6773933705898805,4.695426827130027
60s,0.8,0.4,3.6810226441380327,4.7371992018604505
60s,0.4,0.4,3.6850303402000653,4.719274484340428
60s,0.9,0.4,3.687003563978281,4.746869978546903
60s,0.8,0.8,3.68706953201457,4.846253039644473
60s,0.3,0.5,3.689386431631918,4.705411846083739
60s,0.6,0.3,3.693101949745791,4.7372869625267695
60s,0.7,0.3,3.6946813261969678,4.739260098391285
60s,0.5,0.3,3.6946908063523747,4.736994916000928
60s,0.2,1.0,3.6958214071811986,4.679362537025511
60s,0.8,0.3,3.698104917314051,4.742753713857498
60s,0.2,0.9,3.6998094348841297,4.676932561627118
60s,0.4,0.3,3.7011106893605743,4.738566688965736
60s,0.3,0.4,3.7013794926739565,4.720991490530587
60s,0.9,0.3,3.7025906071942365,4.747725840225963
60s,0.2,0.8,3.703797462587064,4.678626021195849
60s,0.2,0.7,3.7077854902899965,4.684438443776003
60s,0.6,1.0,3.709173881737758,4.854577649475124
60s,0.7,0.9,3.7105373936078463,4.854825577933379
60s,0.2,0.6,3.7117735179929294,4.69435452942733
60s,0.6,0.2,3.711851878777896,4.760946041712943
60s,0.7,0.2,3.7129047964120137,4.760714456260818
60s,0.5,0.2,3.7129111165156177,4.762288614701922
60s,0.3,0.3,3.7133725537159923,4.7421106193469855
60s,0.8,0.2,3.715187190490069,4.761506393149881
60s,0.2,0.5,3.716579186002961,4.708348350482999
60s,0.4,0.2,3.717191038521085,4.7648467001303425
60s,0.9,0.2,3.718177650410194,4.763297295568084
60s,0.2,0.4,3.7231336961707897,4.7263836871491725
60s,0.3,0.2,3.72536561475803,4.76869563493508
60s,0.2,0.3,3.72968820633862,4.748414488428359
60s,0.7,0.1,3.7316668180726276,4.793667539085315
60s,0.8,0.1,3.7322694636660865,4.793302337971351
60s,0.6,0.1,3.73306400260374,4.794547569022986
60s,0.9,0.1,3.733764693626149,4.793440936246172
60s,0.5,0.1,3.735508794710313,4.7959768910630505
60s,0.9,0.8,3.7357385135261096,4.888764103873957
60s,0.2,0.2,3.7362427165064487,4.77438544493379
60s,0.4,0.1,3.739482153715798,4.7979996965869605
60s,0.3,0.1,3.7454510700550476,4.800655731380718
60s,0.1,0.3,3.7470114396628285,4.766012692245592
60s,0.1,0.4,3.752015779189049,4.746660784961685
60s,0.1,0.2,3.7520706631613447,4.787688644544146
60s,0.2,0.1,3.753219047431801,4.804232657437359
60s,0.1,0.5,3.758481447670522,4.72966145000231
60s,0.1,0.1,3.76188841052804,4.811657233308055
60s,0.1,0.6,3.7649471161519936,4.715040132923654
60s,0.1,0.7,3.7714127846334677,4.702819013934234
60s,0.1,0.0,3.7717061578947373,4.837884383063775
60s,0.2,0.0,3.7717061578947373,4.837884383063775
60s,0.3,0.0,3.7717061578947373,4.837884383063775
60s,0.4,0.0,3.7717061578947373,4.837884383063775
60s,0.5,0.0,3.7717061578947373,4.837884383063775
60s,0.6,0.0,3.7717061578947373,4.837884383063775
60s,0.7,0.0,3.7717061578947373,4.837884383063775
60s,0.8,0.0,3.7717061578947373,4.837884383063775
60s,0.9,0.0,3.7717061578947373,4.837884383063775
60s,0.8,0.9,3.773843892621653,4.905240173482141
60s,0.1,0.8,3.77787845311494,4.693016844190939
60s,0.1,0.9,3.7843441215964124,4.685648804722381
60s,0.7,1.0,3.785568706815735,4.913525104239039
60s,0.1,1.0,3.790809790077886,4.680726390404651
60s,0.9,0.9,3.8429085777168717,4.959008011598117
60s,0.8,1.0,3.873340102912948,4.976159927526366
60s,0.9,1.0,3.9618688146867145,5.042170253587193
