timestamp,timestamp_epoch,experiment_id,request_rate_rps,cpu_utilization_percent,process_cpu_cores,memory_utilization_bytes,current_replicas,deployment_spec_replicas,hpa_desired_replicas,available_replicas,p95_latency_seconds,p99_latency_seconds,error_rate
2026-08-09T11:06:46.344436+00:00,1786273606.344,baseline_constant_001,0.45,6.454683,0.012909,267018240.0,2.0,2.0,2.0,2.0,0.00475,0.00495,0.0
2026-08-09T11:06:51.543956+00:00,1786273611.544,baseline_constant_001,0.45,6.454683,0.012909,267018240.0,2.0,2.0,2.0,2.0,0.00475,0.00495,0.0
2026-08-09T11:06:56.713421+00:00,1786273616.713,baseline_constant_001,0.45,6.454683,0.012909,267018240.0,2.0,2.0,2.0,2.0,0.00475,0.00495,0.0
2026-08-09T11:07:02.057173+00:00,1786273622.057,baseline_constant_001,0.45,6.454683,0.012909,267018240.0,2.0,2.0,2.0,2.0,0.00475,0.00495,0.0
2026-08-09T11:07:07.259355+00:00,1786273627.259,baseline_constant_001,0.766667,53.477067,0.106954,278851584.0,2.0,2.0,2.0,2.0,2.116667,2.423333,0.0
2026-08-09T11:07:12.464084+00:00,1786273632.464,baseline_constant_001,0.616667,51.332342,0.102665,278851584.0,2.0,2.0,2.0,2.0,2.191667,2.438333,0.0
2026-08-09T11:07:17.680078+00:00,1786273637.68,baseline_constant_001,0.616667,51.332342,0.102665,278851584.0,2.0,2.0,2.0,2.0,2.191667,2.438333,0.0
2026-08-09T11:07:22.883937+00:00,1786273642.884,baseline_constant_001,2.914912,189.609263,0.379219,352505856.0,2.0,2.0,2.0,2.0,4.534521,4.906904,0.0
2026-08-09T11:07:28.093648+00:00,1786273648.094,baseline_constant_001,2.914912,189.609263,0.379219,352505856.0,2.0,2.0,2.0,2.0,4.534521,4.906904,0.0
2026-08-09T11:07:33.535533+00:00,1786273653.536,baseline_constant_001,2.914912,189.609263,0.379219,352505856.0,2.0,2.0,2.0,2.0,4.534521,4.906904,0.0
2026-08-09T11:07:38.813846+00:00,1786273658.814,baseline_constant_001,2.914912,189.609263,0.379219,352505856.0,2.0,2.0,2.0,2.0,4.534521,4.906904,0.0
2026-08-09T11:07:44.040727+00:00,1786273664.041,baseline_constant_001,2.914912,189.609263,0.379219,352505856.0,2.0,2.0,2.0,2.0,4.534521,4.906904,0.0
2026-08-09T11:07:49.307212+00:00,1786273669.307,baseline_constant_001,2.914912,189.609263,0.379219,290992128.0,2.0,2.0,2.0,2.0,4.534521,4.906904,0.0
2026-08-09T11:07:54.577607+00:00,1786273674.578,baseline_constant_001,2.914912,189.609263,0.379219,290992128.0,2.0,2.0,2.0,2.0,4.534521,4.906904,0.0
2026-08-09T11:07:59.894245+00:00,1786273679.894,baseline_constant_001,2.914912,189.609263,0.379219,290992128.0,2.0,2.0,2.0,2.0,4.534521,4.906904,0.0
2026-08-09T11:08:05.223577+00:00,1786273685.224,baseline_constant_001,2.914912,189.609263,0.379219,290992128.0,2.0,2.0,2.0,2.0,4.534521,4.906904,0.0
2026-08-09T11:08:10.511254+00:00,1786273690.511,baseline_constant_001,3.795887,331.3092,0.662618,342978560.0,2.0,2.0,2.0,2.0,4.393839,4.878768,0.0
2026-08-09T11:08:15.852340+00:00,1786273695.852,baseline_constant_001,3.795887,331.3092,0.662618,281182208.0,2.0,2.0,2.0,2.0,4.393839,4.878768,0.0
2026-08-09T11:08:21.092189+00:00,1786273701.092,baseline_constant_001,3.795887,331.3092,0.662618,343175168.0,2.0,2.0,2.0,2.0,2.210714,2.442143,0.0
2026-08-09T11:08:26.531788+00:00,1786273706.532,baseline_constant_001,5.11701,409.434504,0.818869,333099008.0,2.0,2.0,2.0,2.0,7.675753,9.535151,0.0
2026-08-09T11:08:32.036650+00:00,1786273712.037,baseline_constant_001,5.11701,409.434504,0.818869,333099008.0,2.0,2.0,2.0,2.0,7.675753,9.535151,0.0
2026-08-09T11:08:37.591318+00:00,1786273717.591,baseline_constant_001,5.11701,409.434504,0.818869,333099008.0,2.0,2.0,2.0,2.0,7.675753,9.535151,0.0
2026-08-09T11:08:42.980708+00:00,1786273722.981,baseline_constant_001,5.11701,204.717252,0.818869,333099008.0,4.0,4.0,4.0,4.0,7.675753,9.535151,0.0
