experiment_id,sample_index,timestamp_epoch,measured_rps,hpa_desired_replicas,hpa_current_replicas,predicted_rps_30s,predictive_calc_replicas,predictive_desired_replicas,predictive_action,predictive_reason
baseline_constant_001,0,1786273606.344,0.45,2.0,2.0,0.45,2,2,none,steady_state
baseline_constant_001,1,1786273611.544,0.45,2.0,2.0,0.45,2,2,none,steady_state
baseline_constant_001,2,1786273616.713,0.45,2.0,2.0,0.45,2,2,none,steady_state
baseline_constant_001,3,1786273622.057,0.45,2.0,2.0,0.45,2,2,none,steady_state
baseline_constant_001,4,1786273627.259,0.766667,2.0,2.0,0.81,2,2,none,steady_state
baseline_constant_001,5,1786273632.464,0.616667,2.0,2.0,0.66,2,2,none,steady_state
baseline_constant_001,6,1786273637.68,0.616667,2.0,2.0,0.66,2,2,none,steady_state
baseline_constant_001,7,1786273642.884,2.914912,2.0,2.0,3.2,3,3,scale_up,predicted_workload_increase (target=3)
baseline_constant_001,8,1786273648.094,2.914912,2.0,2.0,3.35,3,3,none,steady_state
baseline_constant_001,9,1786273653.536,2.914912,2.0,2.0,3.42,3,3,none,steady_state
baseline_constant_001,10,1786273658.814,2.914912,2.0,2.0,3.17,3,3,none,steady_state
baseline_constant_001,11,1786273664.041,2.914912,2.0,2.0,3.04,3,3,none,steady_state
baseline_constant_001,12,1786273669.307,2.914912,2.0,2.0,2.98,3,3,none,steady_state
baseline_constant_001,13,1786273674.578,2.914912,2.0,2.0,2.95,3,3,none,steady_state
baseline_constant_001,14,1786273679.894,2.914912,2.0,2.0,2.93,3,3,none,steady_state
baseline_constant_001,15,1786273685.224,2.914912,2.0,2.0,2.92,3,3,none,steady_state
baseline_constant_001,16,1786273690.511,3.795887,2.0,2.0,3.91,3,3,none,steady_state
baseline_constant_001,17,1786273695.852,3.795887,2.0,2.0,3.96,4,4,scale_up,predicted_workload_increase (target=4)
baseline_constant_001,18,1786273701.092,3.795887,2.0,2.0,3.99,4,4,none,steady_state
baseline_constant_001,19,1786273706.532,5.11701,2.0,2.0,5.38,5,4,cooldown_active,scale_up_cooldown_active (19s remaining)
baseline_constant_001,20,1786273712.037,5.11701,2.0,2.0,5.41,5,4,cooldown_active,scale_up_cooldown_active (13s remaining)
baseline_constant_001,21,1786273717.591,5.11701,2.0,2.0,5.43,5,4,cooldown_active,scale_up_cooldown_active (8s remaining)
baseline_constant_001,22,1786273722.981,5.11701,4.0,4.0,5.27,5,4,cooldown_active,scale_up_cooldown_active (2s remaining)
baseline_step_001,0,1786273826.821,0.3,2.0,2.0,0.3,2,2,none,steady_state
baseline_step_001,1,1786273832.329,0.3,2.0,2.0,0.3,2,2,none,steady_state
baseline_step_001,2,1786273838.012,0.3,2.0,2.0,0.3,2,2,none,steady_state
baseline_step_001,3,1786273843.326,0.3,4.0,4.0,0.3,2,2,none,steady_state
baseline_step_001,4,1786273848.57,0.3,4.0,4.0,0.3,2,2,none,steady_state
baseline_step_001,5,1786273853.923,0.3,4.0,4.0,0.3,2,2,none,steady_state
baseline_step_001,6,1786273859.182,0.3,4.0,4.0,0.3,2,2,none,steady_state
baseline_step_001,7,1786273864.421,0.3,4.0,4.0,0.3,2,2,none,steady_state
baseline_step_001,8,1786273869.62,0.666667,4.0,4.0,0.71,2,2,none,steady_state
baseline_step_001,9,1786273874.88,0.666667,4.0,4.0,0.74,2,2,none,steady_state
baseline_step_001,10,1786273880.178,0.666667,4.0,4.0,0.75,2,2,none,steady_state
baseline_step_001,11,1786273885.822,1.133333,4.0,4.0,1.23,2,2,none,steady_state
baseline_step_001,12,1786273891.06,1.133333,4.0,4.0,1.24,2,2,none,steady_state
baseline_step_001,13,1786273897.279,1.133333,4.0,4.0,1.25,2,2,none,steady_state
baseline_step_001,14,1786273902.806,1.133333,4.0,4.0,1.19,2,2,none,steady_state
baseline_step_001,15,1786273908.172,1.133333,4.0,4.0,1.16,2,2,none,steady_state
baseline_step_001,16,1786273913.588,1.133333,4.0,4.0,1.15,2,2,none,steady_state
baseline_step_001,17,1786273919.002,1.725068,4.0,4.0,1.81,2,2,none,steady_state
baseline_step_001,18,1786273924.624,2.356481,4.0,4.0,2.55,2,2,none,steady_state
baseline_step_001,19,1786273930.278,3.333392,4.0,4.0,3.7,3,3,scale_up,predicted_workload_increase (target=3)
baseline_step_001,20,1786273935.75,3.385993,4.0,4.0,3.78,3,3,none,steady_state
baseline_step_001,21,1786273940.995,3.425772,4.0,4.0,3.76,3,3,none,steady_state
baseline_step_001,22,1786273946.353,4.255404,4.0,4.0,4.54,4,3,cooldown_active,scale_up_cooldown_active (13s remaining)
baseline_step_001,23,1786273951.684,4.285194,4.0,4.0,4.54,4,3,cooldown_active,scale_up_cooldown_active (8s remaining)
baseline_step_001,24,1786273957.317,4.316396,4.0,4.0,4.55,4,3,cooldown_active,scale_up_cooldown_active (2s remaining)
baseline_step_001,25,1786273962.553,4.31651,6.0,6.0,4.44,4,4,scale_up,predicted_workload_increase (target=4)
baseline_step_001,26,1786273967.876,4.31651,6.0,6.0,4.38,4,4,none,steady_state
baseline_step_001,27,1786273973.192,4.31651,6.0,6.0,4.35,4,4,none,steady_state
baseline_step_001,28,1786273978.453,4.837136,6.0,6.0,4.92,4,4,none,steady_state
baseline_step_001,29,1786273984.131,5.120481,6.0,6.0,5.26,5,4,cooldown_active,scale_up_cooldown_active (8s remaining)
baseline_step_001,30,1786273989.545,5.985864,6.0,6.0,6.26,5,4,cooldown_active,scale_up_cooldown_active (3s remaining)
baseline_step_001,31,1786273994.811,6.048879,6.0,6.0,6.34,5,5,scale_up,predicted_workload_increase (target=5)
baseline_step_001,32,1786274000.085,6.099742,6.0,6.0,6.37,5,5,none,steady_state
baseline_step_001,33,1786274005.337,6.966532,6.0,6.0,7.22,6,5,cooldown_active,scale_up_cooldown_active (19s remaining)
baseline_step_001,34,1786274010.73,6.966532,6.0,6.0,7.21,6,5,cooldown_active,scale_up_cooldown_active (14s remaining)
baseline_step_001,35,1786274016.331,7.085195,6.0,6.0,7.33,6,5,cooldown_active,scale_up_cooldown_active (8s remaining)
baseline_step_001,36,1786274021.633,7.091802,8.0,8.0,7.23,6,5,cooldown_active,scale_up_cooldown_active (3s remaining)
baseline_step_001,37,1786274027.262,7.098863,8.0,8.0,7.18,6,6,scale_up,predicted_workload_increase (target=6)
baseline_step_001,38,1786274032.74,7.10579,8.0,8.0,7.15,6,6,none,steady_state
baseline_step_001,39,1786274038.345,7.895866,8.0,8.0,8.02,7,6,cooldown_active,scale_up_cooldown_active (18s remaining)
baseline_step_001,40,1786274043.859,8.735341,8.0,8.0,9.0,7,6,cooldown_active,scale_up_cooldown_active (13s remaining)
baseline_step_001,41,1786274049.284,9.847509,8.0,8.0,10.32,8,6,cooldown_active,scale_up_cooldown_active (7s remaining)
baseline_step_001,42,1786274054.667,9.980887,8.0,8.0,10.48,9,6,cooldown_active,scale_up_cooldown_active (2s remaining)
baseline_step_001,43,1786274060.328,9.980887,8.0,8.0,10.38,8,8,scale_up,predicted_workload_increase (target=8)
baseline_step_001,44,1786274065.661,10.338831,8.0,8.0,10.6,9,8,cooldown_active,scale_up_cooldown_active (24s remaining)
baseline_step_001,45,1786274070.945,10.345434,8.0,8.0,10.52,9,8,cooldown_active,scale_up_cooldown_active (19s remaining)
baseline_step_001,46,1786274076.374,10.352239,8.0,8.0,10.49,9,8,cooldown_active,scale_up_cooldown_active (13s remaining)
baseline_step_001,47,1786274081.788,10.359006,10.0,10.0,10.43,8,8,none,steady_state
baseline_step_001,48,1786274087.061,11.101247,10.0,10.0,11.23,9,8,cooldown_active,scale_up_cooldown_active (3s remaining)
baseline_step_001,49,1786274092.333,11.160574,10.0,10.0,11.33,9,9,scale_up,predicted_workload_increase (target=9)
baseline_step_001,50,1786274097.87,11.102242,10.0,10.0,11.28,9,9,none,steady_state
baseline_step_001,51,1786274103.384,11.810963,10.0,10.0,11.99,10,9,cooldown_active,scale_up_cooldown_active (18s remaining)
baseline_step_001,52,1786274108.655,11.699651,10.0,10.0,11.85,10,9,cooldown_active,scale_up_cooldown_active (13s remaining)
baseline_step_001,53,1786274113.945,11.617849,10.0,10.0,11.76,10,9,cooldown_active,scale_up_cooldown_active (8s remaining)
baseline_step_001,54,1786274119.324,12.470906,10.0,10.0,12.62,10,9,cooldown_active,scale_up_cooldown_active (3s remaining)
baseline_step_001,55,1786274124.6,12.568151,10.0,10.0,12.75,10,10,scale_up,predicted_workload_increase (target=10)
baseline_step_001,56,1786274130.29,13.705973,10.0,10.0,14.06,10,10,none,steady_state
baseline_step_001,57,1786274135.529,14.347056,10.0,10.0,14.76,10,10,none,steady_state
baseline_step_001,58,1786274141.101,14.533354,10.0,10.0,14.98,10,10,none,steady_state
baseline_step_001,59,1786274146.466,14.918547,10.0,10.0,15.3,10,10,none,steady_state
baseline_step_001,60,1786274151.944,15.033964,10.0,10.0,15.31,10,10,none,steady_state
baseline_step_001,61,1786274157.305,15.271272,10.0,10.0,15.5,10,10,none,steady_state
baseline_spike_001,0,1786274392.418,0.733338,2.0,2.0,0.73,2,2,none,steady_state
baseline_spike_001,1,1786274398.2,0.733338,2.0,2.0,0.73,2,2,none,steady_state
baseline_spike_001,2,1786274403.596,0.733338,2.0,2.0,0.73,2,2,none,steady_state
baseline_spike_001,3,1786274408.816,0.950004,2.0,2.0,0.98,2,2,none,steady_state
baseline_spike_001,4,1786274414.065,0.800004,2.0,2.0,0.82,2,2,none,steady_state
baseline_spike_001,5,1786274419.454,0.800004,2.0,2.0,0.82,2,2,none,steady_state
baseline_spike_001,6,1786274424.676,1.366671,2.0,2.0,1.43,2,2,none,steady_state
baseline_spike_001,7,1786274429.878,1.216671,2.0,2.0,1.3,2,2,none,steady_state
baseline_spike_001,8,1786274435.162,1.216671,2.0,2.0,1.31,2,2,none,steady_state
baseline_spike_001,9,1786274440.404,1.083333,2.0,2.0,1.09,2,2,none,steady_state
baseline_spike_001,10,1786274445.654,1.083333,2.0,2.0,1.07,2,2,none,steady_state
baseline_spike_001,11,1786274451.215,1.083333,2.0,2.0,1.06,2,2,none,steady_state
baseline_spike_001,12,1786274456.435,1.083333,2.0,2.0,1.07,2,2,none,steady_state
baseline_spike_001,13,1786274461.883,1.083333,2.0,2.0,1.08,2,2,none,steady_state
baseline_spike_001,14,1786274467.444,2.45,2.0,2.0,2.62,3,3,scale_up,predicted_workload_increase (target=3)
baseline_spike_001,15,1786274472.769,2.45,2.0,2.0,2.7,3,3,none,steady_state
baseline_spike_001,16,1786274478.444,2.45,2.0,2.0,2.75,3,3,none,steady_state
baseline_spike_001,17,1786274483.702,1.733333,2.0,2.0,1.79,2,3,stabilization_pending,scale_down_stabilization_timer_started (target=2)
baseline_spike_001,18,1786274488.984,4.216667,2.0,2.0,4.47,4,3,cooldown_active,scale_up_cooldown_active (8s remaining)
baseline_spike_001,19,1786274494.545,4.216667,2.0,2.0,4.56,4,3,cooldown_active,scale_up_cooldown_active (2s remaining)
baseline_spike_001,20,1786274499.81,4.216667,4.0,4.0,4.7,4,4,scale_up,predicted_workload_increase (target=4)
baseline_spike_001,21,1786274505.322,4.216667,4.0,4.0,4.46,4,4,none,steady_state
baseline_spike_001,22,1786274510.665,4.216667,4.0,4.0,4.34,4,4,none,steady_state
baseline_spike_001,23,1786274515.936,4.216667,4.0,4.0,4.28,4,4,none,steady_state
baseline_spike_001,24,1786274521.482,4.216667,4.0,4.0,4.25,4,4,none,steady_state
baseline_spike_001,25,1786274527.021,2.483333,4.0,4.0,2.28,2,4,stabilization_pending,scale_down_stabilization_timer_started (target=2)
baseline_spike_001,26,1786274532.847,6.9,4.0,4.0,7.13,6,6,scale_up,predicted_workload_increase (target=6)
baseline_spike_001,27,1786274538.107,6.9,4.0,4.0,7.35,6,6,none,steady_state
baseline_spike_001,28,1786274543.318,7.716667,4.0,4.0,8.6,7,6,cooldown_active,scale_up_cooldown_active (19s remaining)
baseline_spike_001,29,1786274548.605,7.716667,4.0,4.0,8.26,7,6,cooldown_active,scale_up_cooldown_active (14s remaining)
baseline_spike_001,30,1786274554.225,7.716667,4.0,4.0,8.09,7,6,cooldown_active,scale_up_cooldown_active (8s remaining)
baseline_spike_001,31,1786274559.765,7.716667,6.0,6.0,7.9,7,6,cooldown_active,scale_up_cooldown_active (3s remaining)
baseline_spike_001,32,1786274565.207,7.716667,6.0,6.0,7.81,6,6,none,steady_state
baseline_spike_001,33,1786274570.434,7.716667,6.0,6.0,7.76,6,6,none,steady_state
baseline_spike_001,34,1786274576.406,7.716667,6.0,6.0,7.74,6,6,none,steady_state
baseline_spike_001,35,1786274581.834,7.716667,6.0,6.0,7.73,6,6,none,steady_state
baseline_spike_001,36,1786274587.235,4.466667,6.0,6.0,4.06,4,6,stabilization_pending,scale_down_stabilization_timer_started (target=4)
baseline_spike_001,37,1786274592.893,5.014901,6.0,6.0,4.48,4,6,stabilization_active,scale_down_stabilization_active (174s remaining)
baseline_spike_001,38,1786274598.264,5.016667,6.0,6.0,4.41,4,6,stabilization_active,scale_down_stabilization_active (168s remaining)
baseline_spike_001,39,1786274603.843,2.523691,6.0,6.0,1.98,2,6,stabilization_pending,scale_down_stabilization_timer_started (target=2)
baseline_spike_001,40,1786274609.506,2.544116,6.0,6.0,1.96,2,6,stabilization_active,scale_down_stabilization_active (174s remaining)
baseline_spike_001,41,1786274614.823,2.563309,6.0,6.0,1.97,2,6,stabilization_active,scale_down_stabilization_active (169s remaining)
baseline_spike_001,42,1786274620.031,2.582105,8.0,8.0,2.29,2,6,stabilization_active,scale_down_stabilization_active (163s remaining)
baseline_spike_001,43,1786274625.242,2.600962,8.0,8.0,2.46,2,6,stabilization_active,scale_down_stabilization_active (158s remaining)
baseline_spike_001,44,1786274630.474,2.619819,8.0,8.0,2.56,2,6,stabilization_active,scale_down_stabilization_active (153s remaining)
baseline_spike_001,45,1786274635.689,2.980679,8.0,8.0,3.0,3,6,stabilization_pending,scale_down_stabilization_timer_started (target=3)
baseline_spike_001,46,1786274641.523,3.023088,8.0,8.0,3.09,3,6,stabilization_active,scale_down_stabilization_active (174s remaining)
baseline_sustained_001,0,1786274723.387,0.299688,2.0,2.0,0.3,2,2,none,steady_state
baseline_sustained_001,1,1786274728.657,0.299688,2.0,2.0,0.3,2,2,none,steady_state
baseline_sustained_001,2,1786274733.936,0.299688,2.0,2.0,0.3,2,2,none,steady_state
baseline_sustained_001,3,1786274739.18,0.299688,2.0,2.0,0.3,2,2,none,steady_state
baseline_sustained_001,4,1786274744.404,0.299688,2.0,2.0,0.3,2,2,none,steady_state
baseline_sustained_001,5,1786274749.674,0.299688,2.0,2.0,0.3,2,2,none,steady_state
baseline_sustained_001,6,1786274754.914,0.299688,2.0,2.0,0.3,2,2,none,steady_state
baseline_sustained_001,7,1786274760.515,0.299688,2.0,2.0,0.3,2,2,none,steady_state
baseline_sustained_001,8,1786274765.723,0.15,2.0,2.0,0.13,2,2,none,steady_state
baseline_sustained_001,9,1786274771.032,5.021816,2.0,2.0,5.6,5,5,scale_up,predicted_workload_increase (target=5)
baseline_sustained_001,10,1786274776.269,5.021816,2.0,2.0,5.9,5,5,none,steady_state
baseline_sustained_001,11,1786274781.527,5.021816,2.0,2.0,6.07,5,5,none,steady_state
baseline_sustained_001,12,1786274786.802,5.021816,2.0,2.0,5.55,5,5,none,steady_state
baseline_sustained_001,13,1786274792.182,5.021816,2.0,2.0,5.28,5,5,none,steady_state
baseline_sustained_001,14,1786274797.501,5.021816,2.0,2.0,5.15,4,5,stabilization_pending,scale_down_stabilization_timer_started (target=4)
baseline_sustained_001,15,1786274802.908,5.021816,4.0,4.0,5.09,4,5,stabilization_active,scale_down_stabilization_active (174s remaining)
baseline_sustained_001,16,1786274808.167,5.021816,4.0,4.0,5.05,4,5,stabilization_active,scale_down_stabilization_active (169s remaining)
baseline_sustained_001,17,1786274813.435,5.021816,4.0,4.0,5.04,4,5,stabilization_active,scale_down_stabilization_active (164s remaining)
baseline_sustained_001,18,1786274818.757,5.021816,4.0,4.0,5.03,4,5,stabilization_active,scale_down_stabilization_active (158s remaining)
baseline_sustained_001,19,1786274824.11,2.55,4.0,4.0,2.24,2,5,stabilization_pending,scale_down_stabilization_timer_started (target=2)
baseline_sustained_001,20,1786274829.551,0.0,4.0,4.0,0.0,2,5,stabilization_active,scale_down_stabilization_active (174s remaining)
baseline_sustained_001,21,1786274834.904,8.266533,4.0,4.0,8.28,7,7,scale_up,predicted_workload_increase (target=7)
baseline_sustained_001,22,1786274840.185,8.266533,4.0,4.0,8.99,7,7,none,steady_state
baseline_sustained_001,23,1786274845.61,8.266533,4.0,4.0,9.66,8,7,cooldown_active,scale_up_cooldown_active (19s remaining)
baseline_sustained_001,24,1786274850.96,8.266533,4.0,4.0,8.96,7,7,none,steady_state
baseline_sustained_001,25,1786274856.6,8.266533,4.0,4.0,8.62,7,7,none,steady_state
baseline_sustained_001,26,1786274861.983,8.266533,6.0,6.0,8.44,7,7,none,steady_state
baseline_sustained_001,27,1786274867.284,11.195519,6.0,6.0,11.65,9,9,scale_up,predicted_workload_increase (target=9)
baseline_sustained_001,28,1786274872.626,13.284701,6.0,6.0,14.14,10,9,cooldown_active,scale_up_cooldown_active (24s remaining)
baseline_sustained_001,29,1786274878.112,13.594976,6.0,6.0,14.69,10,9,cooldown_active,scale_up_cooldown_active (19s remaining)
baseline_sustained_001,30,1786274883.499,13.395864,6.0,6.0,14.22,10,9,cooldown_active,scale_up_cooldown_active (13s remaining)
baseline_sustained_001,31,1786274888.988,13.237885,6.0,6.0,13.64,10,9,cooldown_active,scale_up_cooldown_active (8s remaining)
baseline_sustained_001,32,1786274894.278,13.527313,6.0,6.0,13.72,10,9,cooldown_active,scale_up_cooldown_active (3s remaining)
baseline_sustained_001,33,1786274899.649,13.886979,6.0,6.0,14.04,10,10,scale_up,predicted_workload_increase (target=10)
baseline_sustained_001,34,1786274904.985,14.011347,6.0,6.0,14.19,10,10,none,steady_state
baseline_sustained_001,35,1786274910.355,14.13525,6.0,6.0,14.3,10,10,none,steady_state
baseline_sustained_001,36,1786274915.895,15.332177,6.0,6.0,15.59,10,10,none,steady_state
baseline_sustained_001,37,1786274921.275,11.46464,8.0,8.0,11.28,9,10,stabilization_pending,scale_down_stabilization_timer_started (target=9)
baseline_sustained_001,38,1786274926.553,14.023425,8.0,8.0,13.91,10,10,none,steady_state
baseline_sustained_001,39,1786274932.105,13.608391,8.0,8.0,13.34,10,10,none,steady_state
baseline_sustained_001,40,1786274937.58,13.709435,8.0,8.0,13.85,10,10,none,steady_state
baseline_sustained_001,41,1786274942.963,12.258671,8.0,8.0,12.11,10,10,none,steady_state
baseline_sustained_001,42,1786274948.545,10.478409,8.0,8.0,10.01,8,10,stabilization_pending,scale_down_stabilization_timer_started (target=8)
baseline_sustained_001,43,1786274953.843,10.570536,8.0,8.0,9.95,8,10,stabilization_active,scale_down_stabilization_active (174s remaining)
baseline_sustained_001,44,1786274959.12,12.249538,8.0,8.0,11.94,10,10,none,steady_state
baseline_sustained_001,45,1786274964.39,12.410985,8.0,8.0,12.5,10,10,none,steady_state
baseline_sustained_001,46,1786274969.671,12.548114,8.0,8.0,12.84,10,10,none,steady_state
baseline_sustained_001,47,1786274975.267,12.352226,8.0,8.0,12.51,10,10,none,steady_state
baseline_sustained_001,48,1786274980.529,12.352226,10.0,10.0,12.42,10,10,none,steady_state
baseline_sustained_001,49,1786274985.769,11.723991,10.0,10.0,11.66,9,10,stabilization_pending,scale_down_stabilization_timer_started (target=9)
baseline_sustained_001,50,1786274991.067,11.152155,10.0,10.0,10.97,9,10,stabilization_active,scale_down_stabilization_active (174s remaining)
baseline_sustained_001,51,1786274996.314,12.662758,10.0,10.0,12.61,10,10,none,steady_state
baseline_sustained_001,52,1786275001.767,12.703981,10.0,10.0,12.8,10,10,none,steady_state
baseline_sustained_001,53,1786275007.615,12.440094,10.0,10.0,12.65,10,10,none,steady_state
baseline_sustained_001,54,1786275012.867,12.213536,10.0,10.0,12.26,10,10,none,steady_state
baseline_sustained_001,55,1786275018.234,12.714064,10.0,10.0,12.74,10,10,none,steady_state
baseline_recovery_001,0,1786275224.502,1.484495,2.0,2.0,1.48,2,2,none,steady_state
baseline_recovery_001,1,1786275229.778,1.467828,2.0,2.0,1.47,2,2,none,steady_state
baseline_recovery_001,2,1786275235.293,1.817828,2.0,2.0,1.82,2,2,none,steady_state
baseline_recovery_001,3,1786275240.503,1.817828,2.0,2.0,1.88,2,2,none,steady_state
baseline_recovery_001,4,1786275245.717,2.866654,2.0,2.0,3.07,3,3,scale_up,predicted_workload_increase (target=3)
baseline_recovery_001,5,1786275250.971,2.716654,2.0,2.0,2.93,3,3,none,steady_state
baseline_recovery_001,6,1786275256.333,2.566647,2.0,2.0,2.77,3,3,none,steady_state
baseline_recovery_001,7,1786275261.575,2.416647,2.0,2.0,2.46,2,3,stabilization_pending,scale_down_stabilization_timer_started (target=2)
baseline_recovery_001,8,1786275266.885,2.416647,2.0,2.0,2.4,2,3,stabilization_active,scale_down_stabilization_active (174s remaining)
baseline_recovery_001,9,1786275272.215,2.266647,2.0,2.0,2.22,2,3,stabilization_active,scale_down_stabilization_active (169s remaining)
baseline_recovery_001,10,1786275277.409,2.116647,2.0,2.0,2.06,2,3,stabilization_active,scale_down_stabilization_active (164s remaining)
baseline_recovery_001,11,1786275282.744,1.983313,2.0,2.0,1.9,2,3,stabilization_active,scale_down_stabilization_active (158s remaining)
baseline_recovery_001,12,1786275288.041,1.84998,2.0,2.0,1.76,2,3,stabilization_active,scale_down_stabilization_active (153s remaining)
baseline_recovery_001,13,1786275293.292,1.84998,2.0,2.0,1.77,2,3,stabilization_active,scale_down_stabilization_active (148s remaining)
baseline_recovery_001,14,1786275298.525,1.19998,2.0,2.0,1.06,2,3,stabilization_active,scale_down_stabilization_active (143s remaining)
baseline_recovery_001,15,1786275303.747,4.383333,2.0,2.0,4.63,4,4,scale_up,predicted_workload_increase (target=4)
baseline_recovery_001,16,1786275309.151,4.383333,2.0,2.0,4.82,4,4,none,steady_state
baseline_recovery_001,17,1786275314.329,4.383333,2.0,2.0,5.0,4,4,none,steady_state
baseline_recovery_001,18,1786275319.56,4.383333,2.0,2.0,4.69,4,4,none,steady_state
baseline_recovery_001,19,1786275324.907,4.383333,2.0,2.0,4.54,4,4,none,steady_state
baseline_recovery_001,20,1786275330.197,4.383333,2.0,2.0,4.46,4,4,none,steady_state
baseline_recovery_001,21,1786275335.474,4.383333,2.0,2.0,4.42,4,4,none,steady_state
baseline_recovery_001,22,1786275340.747,4.383333,4.0,4.0,4.4,4,4,none,steady_state
baseline_recovery_001,23,1786275346.77,4.383333,4.0,4.0,4.39,4,4,none,steady_state
baseline_recovery_001,24,1786275352.091,4.383333,4.0,4.0,4.39,4,4,none,steady_state
baseline_recovery_001,25,1786275357.33,0.016667,4.0,4.0,0.0,2,4,stabilization_pending,scale_down_stabilization_timer_started (target=2)
baseline_recovery_001,26,1786275362.571,0.016667,4.0,4.0,0.0,2,4,stabilization_active,scale_down_stabilization_active (174s remaining)
baseline_recovery_001,27,1786275367.812,0.016667,4.0,4.0,0.0,2,4,stabilization_active,scale_down_stabilization_active (169s remaining)
baseline_recovery_001,28,1786275373.1,0.016667,4.0,4.0,0.0,2,4,stabilization_active,scale_down_stabilization_active (164s remaining)
baseline_recovery_001,29,1786275378.37,0.016667,4.0,4.0,0.0,2,4,stabilization_active,scale_down_stabilization_active (158s remaining)
baseline_recovery_001,30,1786275383.695,0.016667,4.0,4.0,0.0,2,4,stabilization_active,scale_down_stabilization_active (153s remaining)
baseline_recovery_001,31,1786275389.18,0.016667,4.0,4.0,0.0,2,4,stabilization_active,scale_down_stabilization_active (148s remaining)
baseline_recovery_001,32,1786275394.499,0.016667,4.0,4.0,0.0,2,4,stabilization_active,scale_down_stabilization_active (142s remaining)
baseline_recovery_001,33,1786275399.937,2.251767,6.0,6.0,2.52,2,4,stabilization_active,scale_down_stabilization_active (137s remaining)
baseline_recovery_001,34,1786275405.25,2.398213,6.0,6.0,2.83,3,4,stabilization_pending,scale_down_stabilization_timer_started (target=3)
baseline_recovery_001,35,1786275410.811,2.552053,6.0,6.0,3.09,3,4,stabilization_active,scale_down_stabilization_active (174s remaining)
baseline_recovery_001,36,1786275416.202,2.769877,6.0,6.0,3.1,3,4,stabilization_active,scale_down_stabilization_active (169s remaining)
baseline_recovery_001,37,1786275421.571,2.92464,6.0,6.0,3.16,3,4,stabilization_active,scale_down_stabilization_active (163s remaining)
baseline_recovery_001,38,1786275426.874,6.733926,6.0,6.0,7.37,6,6,scale_up,predicted_workload_increase (target=6)
baseline_recovery_001,39,1786275432.138,6.891611,6.0,6.0,7.73,6,6,none,steady_state
baseline_recovery_001,40,1786275437.554,7.043916,6.0,6.0,7.98,7,6,cooldown_active,scale_up_cooldown_active (19s remaining)
baseline_recovery_001,41,1786275443.158,7.097844,6.0,6.0,7.61,6,6,none,steady_state
baseline_recovery_001,42,1786275448.835,7.104941,6.0,6.0,7.39,6,6,none,steady_state
baseline_recovery_001,43,1786275454.522,7.112038,6.0,6.0,7.26,6,6,none,steady_state
baseline_recovery_001,44,1786275459.777,5.266896,8.0,8.0,5.11,4,6,stabilization_pending,scale_down_stabilization_timer_started (target=4)
baseline_recovery_001,45,1786275465.762,5.274362,8.0,8.0,4.97,4,6,stabilization_active,scale_down_stabilization_active (174s remaining)
baseline_recovery_001,46,1786275470.961,5.275826,8.0,8.0,4.89,4,6,stabilization_active,scale_down_stabilization_active (168s remaining)
baseline_recovery_001,47,1786275476.211,8.638053,8.0,8.0,8.87,7,7,scale_up,predicted_workload_increase (target=7)
baseline_recovery_001,48,1786275481.585,8.751459,8.0,8.0,9.3,8,7,cooldown_active,scale_up_cooldown_active (24s remaining)
baseline_recovery_001,49,1786275486.848,7.445074,8.0,8.0,7.99,7,7,none,steady_state
baseline_recovery_001,50,1786275492.216,7.555139,8.0,8.0,7.69,6,7,stabilization_pending,scale_down_stabilization_timer_started (target=6)
baseline_recovery_001,51,1786275497.56,7.610682,8.0,8.0,7.54,6,7,stabilization_active,scale_down_stabilization_active (174s remaining)
baseline_recovery_001,52,1786275502.918,7.610753,8.0,8.0,7.59,6,7,stabilization_active,scale_down_stabilization_active (169s remaining)
baseline_recovery_001,53,1786275508.403,8.268839,8.0,8.0,8.35,7,7,none,steady_state
baseline_recovery_001,54,1786275513.708,8.319378,8.0,8.0,8.45,7,7,none,steady_state
baseline_recovery_001,55,1786275521.159,8.045511,10.0,10.0,8.17,7,7,none,steady_state
baseline_recovery_001,56,1786275527.938,8.108966,10.0,10.0,8.15,7,7,none,steady_state
baseline_recovery_001,57,1786275534.892,6.634003,10.0,10.0,6.44,5,7,stabilization_pending,scale_down_stabilization_timer_started (target=5)
baseline_recovery_001,58,1786275542.316,5.955922,10.0,10.0,5.6,5,7,stabilization_active,scale_down_stabilization_active (172s remaining)
baseline_recovery_001,59,1786275549.343,6.621542,10.0,10.0,6.26,5,7,stabilization_active,scale_down_stabilization_active (165s remaining)
baseline_recovery_001,60,1786275556.555,6.683346,10.0,10.0,6.51,5,7,stabilization_active,scale_down_stabilization_active (158s remaining)
baseline_recovery_001,61,1786275563.524,6.698262,10.0,10.0,6.7,6,7,stabilization_pending,scale_down_stabilization_timer_started (target=6)
baseline_recovery_001,62,1786275571.128,6.171432,10.0,10.0,6.12,5,7,stabilization_pending,scale_down_stabilization_timer_started (target=5)
baseline_recovery_001,63,1786275578.642,5.396631,10.0,10.0,5.21,4,7,stabilization_pending,scale_down_stabilization_timer_started (target=4)
baseline_recovery_001,64,1786275585.443,5.420322,10.0,10.0,5.17,4,7,stabilization_active,scale_down_stabilization_active (173s remaining)
baseline_recovery_001,65,1786275593.177,4.68091,10.0,10.0,4.37,4,7,stabilization_active,scale_down_stabilization_active (165s remaining)
baseline_recovery_001,66,1786275599.871,4.209304,10.0,10.0,3.9,3,7,stabilization_pending,scale_down_stabilization_timer_started (target=3)
baseline_recovery_001,67,1786275607.634,3.183443,10.0,10.0,2.75,3,7,stabilization_active,scale_down_stabilization_active (172s remaining)
baseline_recovery_001,68,1786275614.793,3.209092,10.0,10.0,2.81,3,7,stabilization_active,scale_down_stabilization_active (165s remaining)
baseline_recovery_001,69,1786275622.612,3.577874,10.0,10.0,3.3,3,7,stabilization_active,scale_down_stabilization_active (157s remaining)
baseline_recovery_001,70,1786275628.871,3.457797,10.0,10.0,3.35,3,7,stabilization_active,scale_down_stabilization_active (151s remaining)
baseline_recovery_001,71,1786275636.186,3.472784,10.0,10.0,3.45,3,7,stabilization_active,scale_down_stabilization_active (143s remaining)
baseline_recovery_001,72,1786275643.654,3.66762,10.0,10.0,3.67,3,7,stabilization_active,scale_down_stabilization_active (136s remaining)
baseline_recovery_001,73,1786275650.148,3.684003,10.0,10.0,3.71,3,7,stabilization_active,scale_down_stabilization_active (129s remaining)
baseline_recovery_001,74,1786275657.616,3.650301,10.0,10.0,3.69,3,7,stabilization_active,scale_down_stabilization_active (122s remaining)
baseline_recovery_001,75,1786275664.851,3.62888,10.0,10.0,3.64,3,7,stabilization_active,scale_down_stabilization_active (115s remaining)
baseline_recovery_001,76,1786275672.838,3.62888,10.0,10.0,3.63,3,7,stabilization_active,scale_down_stabilization_active (107s remaining)
baseline_recovery_001,77,1786275679.806,3.62888,10.0,10.0,3.63,3,7,stabilization_active,scale_down_stabilization_active (100s remaining)
baseline_recovery_001,78,1786275688.698,3.528707,10.0,10.0,3.52,3,7,stabilization_active,scale_down_stabilization_active (91s remaining)
baseline_recovery_001,79,1786275696.046,3.528707,10.0,10.0,3.51,3,7,stabilization_active,scale_down_stabilization_active (83s remaining)
baseline_recovery_001,80,1786275702.592,3.445509,10.0,10.0,3.41,3,7,stabilization_active,scale_down_stabilization_active (77s remaining)
